date,meantempm,meandewptm,meanpressurem,maxhumidity,minhumidity,maxtempm,mintempm,maxdewptm,mindewptm,maxpressurem,minpressurem,precipm
2015-01-01,20,17,1013.7,94,60,23,17,19,16,1016,1012,1.0
2015-01-02,23,19,1014.11,94,57,27,19,22,17,1017,1012,0.0
2015-01-03,26,21,1013.62,94,57,30,21,24,19,1017,1011,46.0
2015-01-04,22,19,1013.05,94,67,25,19,20,18,1015,1011,0.0
2015-01-05,20,15,1012.8,94,40,24,16,19,13,1016,1011,0.0
2015-01-06,18,13,1013.44,94,36,24,13,17,10,1016,1011,0.0
2015-01-07,18,13,1013.31,94,40,24,12,17,11,1016,1011,0.0
2015-01-08,18,14,1013.3,94,33,25,12,15,12,1016,1011,0.0
2015-01-09,18,14,1014.59,94,44,23,14,15,13,1018,1013,0.0
2015-01-10,19,13,1015.0,94,32,25,13,15,9,1017,1013,0.0
2015-01-11,15,13,1016.71,94,60,19,11,14,10,1020,1015,0.0
2015-01-12,17,11,1015.78,94,24,23,11,13,7,1019,1013,0.0
2015-01-13,18,12,1014.93,94,42,23,12,14,11,1018,1012,0.0
2015-01-14,18,13,1015.07,94,35,24,13,16,11,1018,1013,0.0
2015-01-15,18,13,1014.78,94,38,25,11,16,11,1018,1012,0.0
2015-01-16,20,14,1014.51,94,35,25,14,16,12,1017,1012,0.0
2015-01-17,20,12,1014.33,88,25,25,14,14,9,1017,1012,0.0
2015-01-18,16,12,1015.24,94,43,21,11,14,11,1018,1013,0.0
2015-01-19,16,12,1016.33,94,46,22,11,14,11,1019,1014,0.0
2015-01-20,17,12,1017.96,100,32,23,11,14,10,1021,1016,0.0
2015-01-21,18,11,1019.19,94,24,25,11,13,7,1022,1017,0.0
2015-01-22,19,12,1018.0,94,31,26,12,14,10,1021,1015,0.0
2015-01-23,20,11,1015.24,94,23,28,11,14,7,1018,1013,0.0
2015-01-24,20,14,1016.06,94,31,27,14,16,11,1018,1014,0.0
2015-01-25,20,14,1017.37,94,32,27,14,16,12,1020,1015,0.0
2015-01-26,20,14,1016.82,94,35,26,15,16,11,1020,1014,0.0
2015-01-27,20,14,1014.98,88,39,27,14,16,12,1018,1013,0.0
2015-01-28,19,15,1013.89,94,37,23,15,17,12,1016,1012,0.0
2015-01-29,21,16,1014.98,94,43,26,16,17,12,1017,1012,0.0
2015-01-30,20,16,1016.18,94,51,23,16,18,14,1019,1014,0.0
2015-01-31,18,10,1017.27,94,26,23,12,15,7,1020,1015,0.0
2015-02-01,18,10,1017.0,94,26,24,11,12,7,1019,1015,0.0
2015-02-02,18,10,1018.23,94,24,25,11,12,7,1021,1017,0.0
2015-02-03,20,12,1018.96,94,21,28,12,15,8,1022,1017,0.0
2015-02-04,22,13,1017.04,94,21,31,14,16,9,1021,1014,0.0
2015-02-05,22,15,1016.07,94,36,27,16,17,14,1019,1014,0.0
2015-02-06,20,12,1016.46,83,30,25,16,16,10,1020,1015,0.0
2015-02-07,18,11,1015.4,94,20,25,11,13,7,1018,1013,0.0
2015-02-08,21,13,1015.15,94,21,29,13,15,10,1018,1013,0.0
2015-02-09,21,14,1016.38,94,29,27,15,17,12,1019,1015,0.0
2015-02-10,22,15,1016.46,94,34,28,16,17,13,1020,1014,0.0
2015-02-11,22,13,1015.09,94,23,27,17,17,9,1018,1013,0.0
2015-02-12,22,13,1013.28,88,22,28,15,16,8,1017,1010,0.0
2015-02-13,22,14,1011.77,94,28,27,16,17,12,1014,1010,0.0
2015-02-14,22,14,1011.11,88,32,29,15,19,13,1014,1008,0.0
2015-02-15,24,18,1011.31,100,39,30,18,22,16,1014,1009,1.0
2015-02-16,24,18,1013.28,94,41,30,17,21,15,1016,1011,0.0
2015-02-17,24,20,1011.7,100,47,30,19,21,18,1014,1009,0.0
2015-02-18,26,20,1011.15,95,44,31,20,22,17,1014,1008,1.0
2015-02-19,24,20,1011.78,94,51,29,19,22,16,1015,1009,0.0
2015-02-20,26,18,1012.93,94,27,32,20,22,14,1016,1011,0.0
2015-02-21,26,19,1011.64,94,30,33,20,21,15,1014,1009,0.0
2015-02-22,28,20,1011.7,94,24,33,22,23,14,1014,1010,0.0
2015-02-23,27,20,1012.2,94,29,33,21,23,16,1015,1010,0.0
2015-02-24,27,20,1010.36,94,42,33,21,22,18,1014,1007,0.0
2015-02-25,26,20,1008.93,94,36,32,21,22,18,1011,1007,0.0
2015-02-26,28,21,1007.94,89,32,34,22,22,18,1011,1005,0.0
2015-02-27,28,20,1009.25,94,26,34,21,23,17,1012,1007,0.0
2015-02-28,28,20,1011.07,89,30,33,23,22,17,1014,1009,0.0
2015-03-01,27,19,1011.9,100,33,33,21,23,16,1014,1010,0.0
2015-03-02,27,17,1012.43,94,24,34,20,21,13,1015,1010,0.0
2015-03-03,26,18,1010.46,83,32,31,21,20,17,1013,1007,2.0
2015-03-04,24,20,1010.25,94,51,27,20,22,18,1014,1007,8.0
2015-03-05,24,13,1013.19,94,18,29,19,21,7,1016,1011,0.0
2015-03-06,23,13,1014.19,88,19,30,16,17,8,1017,1011,0.0
2015-03-07,23,13,1013.37,94,19,29,17,17,8,1016,1011,0.0
2015-03-08,24,14,1013.89,83,23,31,17,16,10,1017,1012,0.0
2015-03-09,26,15,1014.57,88,21,33,18,18,11,1017,1013,0.0
2015-03-10,27,15,1013.96,88,15,33,21,21,9,1017,1012,0.0
2015-03-11,25,13,1014.87,78,20,31,19,17,9,1018,1013,0.0
2015-03-12,25,13,1014.28,73,18,32,18,17,9,1018,1011,0.0
2015-03-13,26,14,1012.72,94,15,33,18,18,9,1016,1010,0.0
2015-03-14,28,18,1013.47,89,20,34,22,23,11,1017,1011,0.0
2015-03-15,29,17,1014.15,88,23,35,23,24,14,1017,1012,0.0
2015-03-16,26,16,1015.18,73,27,31,22,19,14,1018,1013,0.0
2015-03-17,28,18,1011.11,88,29,34,21,20,16,1015,1007,0.0
2015-03-18,28,17,1010.09,78,22,33,23,21,13,1013,1008,0.0
2015-03-19,26,15,1012.02,73,20,32,21,18,12,1015,1010,0.0
2015-03-20,26,15,1012.85,78,22,33,20,17,10,1016,1010,0.0
2015-03-21,26,15,1012.3,83,23,34,19,20,12,1016,1010,0.0
2015-03-22,28,16,1010.53,89,18,34,21,22,12,1014,1008,0.0
2015-03-23,28,16,1008.62,83,19,36,21,19,13,1011,1006,0.0
2015-03-24,28,20,1009.24,94,35,35,22,24,16,1012,1007,0.0
2015-03-25,30,23,1011.02,100,32,35,24,26,20,1014,1009,0.0
2015-03-26,30,23,1013.28,94,40,34,25,24,22,1016,1011,0.0
2015-03-27,30,23,1012.85,94,46,34,25,25,22,1016,1010,0.2
2015-03-28,28,23,1010.95,89,45,32,25,25,21,1015,1008,0.0
2015-03-29,29,23,1009.6,94,46,34,24,25,22,1012,1007,0.0
2015-03-30,28,23,1009.35,100,44,34,22,24,21,1012,1004,32.0
2015-03-31,26,22,1009.22,94,49,31,21,23,21,1012,1007,0.0
2015-04-01,30,24,1007.19,89,51,35,25,26,23,1010,1004,0.0
2015-04-02,31,24,1004.51,94,38,36,26,26,20,1008,1001,0.0
2015-04-03,32,23,1002.52,89,39,37,26,26,20,1005,1000,0.0
2015-04-04,30,25,1002.17,94,46,36,23,26,20,1005,999,0.0
2015-04-05,28,23,1004.72,94,53,34,23,26,20,1007,1002,17.0
2015-04-06,27,24,1006.34,94,62,32,22,27,21,1009,1004,0.1
2015-04-07,28,24,1008.41,100,54,35,22,27,21,1012,1004,0.0
2015-04-08,26,23,1009.57,100,58,32,21,25,21,1012,1007,0.1
2015-04-09,29,20,1008.28,83,26,35,23,23,17,1012,1006,0.0
2015-04-10,31,22,1008.26,84,22,37,25,25,16,1011,1006,0.0
2015-04-11,31,25,1009.17,86,43,36,26,26,21,1011,1007,0.0
2015-04-12,28,24,1011.71,94,48,34,22,26,21,1014,1008,11.0
2015-04-13,28,22,1012.31,89,47,33,23,25,21,1015,1009,0.0
2015-04-14,29,23,1011.13,94,40,34,24,25,20,1014,1008,0.0
2015-04-15,30,22,1011.28,89,32,34,26,26,20,1014,1008,0.0
2015-04-16,30,22,1011.63,79,42,33,27,24,20,1015,1009,0.0
2015-04-17,30,21,1008.45,78,35,35,25,24,18,1012,1005,0.1
2015-04-18,30,23,1004.87,84,41,36,25,25,20,1008,1002,0.0
2015-04-19,32,25,1005.87,84,52,36,27,27,23,1009,1003,0.0
2015-04-20,31,25,1007.46,89,26,35,27,26,17,1011,1004,0.0
2015-04-21,30,24,1004.8,94,35,37,22,27,16,1008,1002,4.0
2015-04-22,29,25,1003.72,84,62,35,23,28,20,1008,1001,9.0
2015-04-23,29,24,1006.2,95,44,36,22,27,21,1009,1003,0.0
2015-04-24,28,22,1008.6,94,46,33,22,24,20,1011,1006,0.1
2015-04-25,27,22,1010.17,100,55,32,22,24,20,1012,1007,19.0
2015-04-26,26,21,1011.14,95,56,30,21,23,20,1014,1009,3.0
2015-04-27,27,22,1010.15,97,43,33,21,23,20,1013,1008,0.0
2015-04-28,28,22,1008.15,90,49,34,22,24,20,1012,1004,8.0
2015-04-29,27,23,1006.78,93,57,33,21,24,20,1009,1004,0.0
2015-04-30,30,25,1006.82,94,52,35,25,26,24,1009,1004,0.0
2015-05-01,32,26,1005.76,90,50,36,27,28,21,1009,1003,0.0
2015-05-02,30,25,1005.96,89,56,35,25,27,20,1009,1004,0.4
2015-05-03,30,23,1007.25,84,54,36,24,28,21,1010,1004,0.0
2015-05-04,30,23,1007.8,86,49,35,24,26,20,1010,1005,0.0
2015-05-05,32,24,1006.09,91,33,37,27,27,20,1009,1003,0.0
2015-05-06,32,26,1004.61,84,48,37,28,28,24,1007,1002,0.0
2015-05-07,32,25,1004.81,89,53,36,28,28,24,1007,1003,0.0
2015-05-08,31,25,1004.22,92,51,35,27,27,25,1007,1002,0.0
2015-05-09,32,27,1003.75,89,53,35,28,28,26,1006,1001,0.0
2015-05-10,32,27,1004.25,89,51,37,28,28,26,1006,1002,0.0
2015-05-11,32,27,1005.64,94,52,36,28,28,26,1008,1003,0.0
2015-05-12,32,27,1005.91,91,55,36,28,28,26,1009,1003,0.0
2015-05-13,32,25,1005.65,89,38,37,27,27,22,1009,1002,0.2
2015-05-14,32,25,1005.98,88,37,38,26,27,22,1009,1004,0.0
2015-05-15,33,26,1006.42,89,48,38,27,28,25,1009,1003,0.0
2015-05-16,30,24,1005.77,94,47,35,25,26,23,1009,1002,11.0
2015-05-17,28,24,1004.35,95,45,34,23,25,23,1008,1002,0.0
2015-05-18,30,25,1003.35,95,42,36,25,27,23,1005,1000,17.0
2015-05-19,30,25,1002.44,95,40,35,25,27,23,1005,1000,0.0
2015-05-20,32,27,1001.77,94,54,35,28,28,26,1003,1000,0.6
2015-05-21,33,27,1001.07,93,48,38,28,29,25,1003,998,0.0
2015-05-22,34,28,999.78,88,43,39,29,29,26,1002,997,0.0
2015-05-23,34,28,999.07,84,49,38,29,28,26,1001,997,0.0
2015-05-24,34,28,999.78,89,48,38,30,29,27,1002,998,0.0
2015-05-25,32,27,1000.57,94,54,36,27,29,24,1004,998,0.6
2015-05-26,32,27,1002.55,89,49,37,27,29,26,1005,1001,0.8
2015-05-27,32,27,1002.86,89,52,36,28,28,25,1006,1001,0.0
2015-05-28,33,27,1001.84,89,48,37,29,28,25,1004,1000,0.0
2015-05-29,33,27,1002.82,89,49,37,29,28,26,1005,1001,0.0
2015-05-30,33,26,1003.96,90,46,37,29,27,24,1010,1001,0.0
2015-05-31,32,25,1002.8,84,36,36,29,27,22,1012,1000,0.0
2015-06-01,32,25,1002.3,79,42,36,29,27,24,1004,1000,0.0
2015-06-02,34,26,1004.14,84,46,37,30,28,23,1006,1002,0.0
2015-06-03,33,25,1004.79,85,39,38,28,27,23,1007,1002,0.0
2015-06-04,32,25,1005.07,89,44,37,28,28,23,1008,1002,0.0
2015-06-05,33,25,1004.11,84,41,38,28,27,24,1006,1001,0.0
2015-06-06,34,26,1002.29,84,47,38,29,27,25,1004,1000,0.0
2015-06-07,33,26,1002.16,84,47,38,28,27,24,1004,1000,0.0
2015-06-08,33,25,1001.75,84,41,37,29,27,24,1004,1000,0.0
2015-06-09,33,25,1000.6,84,46,38,27,27,21,1002,998,2.0
2015-06-10,32,27,999.91,84,46,38,26,29,24,1002,998,0.0
2015-06-11,30,27,1000.78,100,54,37,23,30,22,1003,997,31.0
2015-06-12,28,26,1001.96,97,57,34,22,28,24,1004,999,0.0
2015-06-13,28,26,1001.59,98,69,32,25,28,24,1003,1000,51.0
2015-06-14,30,25,1001.11,96,49,35,25,27,24,1003,999,29.0
2015-06-15,30,26,1000.26,94,63,34,25,27,25,1002,998,0.3
2015-06-16,30,27,1000.69,94,63,33,27,27,26,1003,999,0.2
2015-06-17,30,27,1000.47,94,65,34,26,27,26,1002,999,0.0
2015-06-18,31,26,1000.15,94,59,35,27,27,25,1002,998,0.0
2015-06-19,30,26,999.48,93,60,33,27,28,26,1001,998,0.0
2015-06-20,30,26,998.36,96,70,33,26,27,25,1001,996,0.0
2015-06-21,29,27,996.6,94,75,32,26,28,26,998,994,0.0
2015-06-22,28,26,994.77,96,83,30,26,27,25,996,993,9.0
2015-06-23,29,26,994.64,89,69,32,26,26,25,997,993,0.0
2015-06-24,28,26,996.12,96,82,31,26,28,25,997,994,0.8
2015-06-25,28,26,995.82,94,79,29,27,28,26,998,994,3.0
2015-06-26,28,26,993.89,96,74,31,26,28,25,995,992,9.0
2015-06-27,26,25,996.04,97,77,29,24,26,23,1000,992,6.0
2015-06-28,27,26,1003.0,100,81,29,25,29,25,1007,999,7.0
2015-06-29,30,26,1005.18,94,64,35,25,28,25,1007,1003,0.0
2015-06-30,30,27,1003.96,94,62,34,27,27,25,1006,1002,0.0
2015-07-01,28,26,1003.23,94,77,30,27,27,26,1005,1001,0.2
2015-07-02,30,26,1002.51,97,59,34,25,28,24,1004,1000,87.0
2015-07-03,29,26,1001.37,99,67,34,24,28,24,1004,999,9.0
2015-07-04,31,26,999.51,94,46,37,25,28,25,1001,997,21.0
2015-07-05,30,27,998.73,97,72,35,26,28,25,1000,997,8.0
2015-07-06,30,27,997.87,94,59,35,26,28,25,1000,995,0.0
2015-07-07,30,27,997.74,100,72,32,27,28,25,1000,996,54.0
2015-07-08,28,27,998.02,97,78,31,26,28,25,1000,996,40.0
2015-07-09,27,26,997.09,100,89,29,25,28,25,1000,995,0.0
2015-07-10,28,27,998.27,100,84,31,25,30,25,1001,996,9.0
2015-07-11,30,27,1001.29,94,65,34,27,28,25,1003,999,2.0
2015-07-12,30,27,1001.75,94,62,34,26,28,25,1004,999,0.0
2015-07-13,32,28,1000.4,94,69,35,28,30,26,1002,997,59.0
2015-07-14,32,28,998.47,96,61,36,27,29,26,1001,995,41.0
2015-07-15,30,27,996.66,100,64,34,26,29,25,999,994,61.0
2015-07-16,28,27,996.83,100,71,32,25,28,25,999,995,3.0
2015-07-17,28,26,997.46,95,70,31,26,28,25,1000,996,14.0
2015-07-18,28,26,998.44,98,67,31,25,27,25,1000,996,0.8
2015-07-19,30,27,997.55,100,71,33,26,28,25,999,995,0.0
2015-07-20,27,25,998.19,100,76,30,24,27,24,1001,997,2.0
2015-07-21,30,26,1000.32,96,57,34,26,28,25,1003,999,31.0
2015-07-22,28,27,1002.35,96,76,30,25,28,26,1004,1001,1.0
2015-07-23,30,27,1003.62,94,79,33,26,28,26,1005,1002,12.0
2015-07-24,30,27,1003.05,95,72,33,26,28,25,1005,1001,34.0
2015-07-25,26,26,999.89,100,89,28,25,27,24,1004,997,55.0
2015-07-26,28,25,997.4,97,54,31,25,26,23,999,995,28.0
2015-07-27,27,25,997.59,95,65,31,23,26,24,1000,996,6.0
2015-07-28,28,26,998.34,94,71,31,25,27,24,1000,996,2.0
2015-07-29,26,26,996.65,96,82,28,25,27,25,999,995,16.0
2015-07-30,30,26,995.49,97,63,33,26,28,24,997,993,0.0
2015-07-31,28,25,996.0,100,66,30,25,26,24,998,994,73.0
2015-08-01,26,25,997.59,100,89,27,24,26,24,1001,995,20.0
2015-08-02,27,26,1001.11,97,86,29,25,27,25,1003,999,2.0
2015-08-03,29,26,1002.76,97,69,33,25,28,25,1005,1001,0.0
2015-08-04,31,27,1002.07,95,53,35,27,28,25,1004,1000,0.0
2015-08-05,30,27,1000.78,94,61,34,27,27,26,1003,998,21.0
2015-08-06,30,26,999.85,93,52,34,27,28,23,1002,998,0.0
2015-08-07,30,26,1000.98,94,50,35,26,28,24,1003,999,0.0
2015-08-08,30,26,1001.68,94,51,34,26,27,24,1004,1000,0.0
2015-08-09,31,26,1000.13,89,46,35,27,27,24,1002,998,0.0
2015-08-10,31,26,1001.05,89,52,35,27,28,25,1004,999,0.0
2015-08-11,31,26,1003.23,90,55,34,28,27,25,1005,1001,0.0
2015-08-12,30,27,1003.22,94,66,33,27,28,26,1005,1001,0.0
2015-08-13,30,27,1002.87,94,58,34,27,27,26,1005,1000,5.0
2015-08-14,32,27,1002.84,94,59,36,27,28,26,1005,1001,0.0
2015-08-15,30,27,1004.11,94,76,32,27,29,26,1006,1002,3.0
2015-08-16,29,27,1004.3,94,77,31,27,28,26,1006,1002,3.0
2015-08-17,30,27,1003.96,96,64,33,27,28,26,1006,1002,0.0
2015-08-18,30,27,1004.67,94,66,32,27,28,24,1006,1003,15.0
2015-08-19,30,27,1003.95,94,59,34,26,28,24,1006,1002,10.0
2015-08-20,30,27,1003.11,91,56,34,27,28,26,1005,1001,0.0
2015-08-21,30,27,1002.48,94,60,33,26,29,25,1004,1000,11.0
2015-08-22,30,26,1000.82,94,53,35,26,27,24,1003,998,0.0
2015-08-23,30,27,1000.69,94,62,34,27,29,26,1002,998,47.0
2015-08-24,31,27,1000.92,94,57,36,26,28,25,1003,999,0.0
2015-08-25,30,27,1000.58,92,62,34,27,28,26,1002,998,0.6
2015-08-26,30,27,1001.17,94,52,34,27,28,26,1003,998,0.2
2015-08-27,30,27,1001.57,94,62,32,27,29,26,1003,1000,11.0
2015-08-28,30,27,1001.4,95,69,33,27,29,26,1003,1000,2.0
2015-08-29,29,27,1001.65,100,76,32,26,28,26,1004,1000,0.0
2015-08-30,30,27,1001.69,96,68,34,27,29,26,1004,999,0.0
2015-08-31,30,27,1002.1,97,66,33,26,29,25,1004,1000,46.0
2015-09-01,28,27,1001.45,97,81,30,25,29,25,1003,1000,0.5
2015-09-02,30,26,1002.09,98,59,35,25,28,24,1006,1000,48.0
2015-09-03,28,26,1005.32,94,67,34,23,29,24,1007,1003,0.0
2015-09-04,31,27,1007.49,94,60,35,27,29,26,1009,1005,0.0
2015-09-05,30,26,1007.04,94,52,35,26,28,25,1010,1004,0.0
2015-09-06,31,26,1005.98,89,39,35,27,28,23,1009,1003,0.0
2015-09-07,32,24,1005.39,89,32,36,27,28,20,1007,1003,0.0
2015-09-08,32,24,1004.67,89,34,36,28,27,21,1006,1002,0.0
2015-09-09,32,25,1004.83,84,34,37,28,27,22,1006,1003,0.0
2015-09-10,32,26,1005.81,89,57,35,28,29,24,1008,1004,0.0
2015-09-11,30,26,1006.3,93,63,33,27,28,25,1008,1004,0.0
2015-09-12,30,26,1006.63,94,51,34,26,27,24,1009,1004,3.0
2015-09-13,30,26,1005.72,94,46,34,27,28,20,1008,1003,0.0
2015-09-14,30,26,1003.96,94,57,34,27,28,25,1007,1001,0.0
2015-09-15,29,27,1002.72,97,62,32,26,28,26,1005,1000,0.0
2015-09-16,28,27,1002.57,94,82,31,26,27,26,1004,1001,5.0
2015-09-17,30,27,1003.78,97,54,35,26,27,25,1006,1002,0.0
2015-09-18,31,27,1004.37,94,57,35,27,28,26,1007,1002,5.0
2015-09-19,30,26,1003.26,96,66,33,27,28,25,1005,1001,0.8
2015-09-20,28,26,1002.19,100,79,29,26,27,26,1004,1000,9.0
2015-09-21,29,27,1002.28,95,66,32,26,28,26,1005,1000,13.0
2015-09-22,29,26,1003.64,94,62,32,26,28,24,1006,1001,0.0
2015-09-23,28,26,1004.98,100,71,33,24,28,24,1007,1003,31.0
2015-09-24,28,27,1003.89,96,79,31,24,28,25,1006,1002,0.0
2015-09-25,30,25,1003.98,97,40,35,26,27,21,1006,1002,0.0
2015-09-26,30,26,1005.35,94,55,34,27,27,24,1007,1004,3.0
2015-09-27,30,24,1006.3,94,42,34,25,27,22,1008,1005,0.0
2015-09-28,30,23,1007.04,94,45,34,25,26,21,1009,1005,0.0
2015-09-29,30,24,1008.11,89,40,34,25,26,21,1010,1006,0.0
2015-09-30,30,25,1009.7,89,47,35,26,26,23,1012,1008,0.0
2015-10-01,31,26,1010.59,89,48,35,27,28,26,1013,1008,6.0
2015-10-02,31,26,1009.61,91,54,35,27,28,23,1012,1007,0.0
2015-10-03,31,25,1008.17,96,52,35,27,27,24,1010,1006,0.0
2015-10-04,32,25,1008.58,94,36,35,29,27,22,1012,1006,0.0
2015-10-05,30,25,1007.96,89,46,34,26,27,23,1011,1005,0.0
2015-10-06,30,25,1007.02,89,45,34,26,28,23,1009,1004,0.0
2015-10-07,30,26,1006.75,89,54,34,26,27,25,1009,1005,0.0
2015-10-08,28,25,1005.09,91,69,31,25,27,23,1008,1002,2.0
2015-10-09,30,24,1003.98,94,41,34,25,27,21,1006,1001,0.0
2015-10-10,31,24,1005.75,89,41,35,27,27,20,1008,1003,0.0
2015-10-11,29,25,1008.43,94,49,33,25,27,22,1011,1007,0.0
2015-10-12,30,24,1009.65,94,39,34,25,26,21,1012,1007,0.0
2015-10-13,28,24,1010.13,94,53,32,24,26,23,1013,1007,4.0
2015-10-14,28,23,1011.68,94,51,31,24,25,22,1014,1009,0.1
2015-10-15,28,24,1012.07,94,51,33,24,26,21,1014,1010,1.0
2015-10-16,28,25,1012.46,94,54,32,24,27,23,1015,1010,8.0
2015-10-17,28,24,1012.0,94,47,32,23,26,21,1015,1010,0.0
2015-10-18,28,23,1012.48,94,46,33,23,26,21,1016,1010,0.0
2015-10-19,28,24,1011.48,94,45,33,23,26,22,1015,1009,0.0
2015-10-20,28,24,1009.45,94,54,33,24,26,23,1012,1007,0.0
2015-10-21,29,24,1009.36,94,46,34,24,26,20,1012,1007,0.0
2015-10-22,30,24,1010.11,94,46,34,25,26,21,1013,1008,0.0
2015-10-23,30,23,1009.87,94,33,34,25,27,19,1012,1008,0.0
2015-10-24,28,18,1010.98,89,21,33,22,24,12,1013,1009,0.0
2015-10-25,26,18,1012.59,88,29,32,20,21,14,1016,1011,0.0
2015-10-26,26,19,1012.94,94,30,32,19,21,15,1016,1011,0.0
2015-10-27,26,19,1012.73,88,35,32,21,21,17,1015,1011,0.0
2015-10-28,26,20,1013.04,88,40,31,20,21,19,1016,1011,0.0
2015-10-29,26,20,1013.56,94,44,31,21,22,18,1016,1012,0.0
2015-10-30,26,22,1013.96,89,61,28,23,23,21,1017,1012,0.0
2015-10-31,26,21,1013.32,91,52,30,22,23,20,1016,1012,0.0
2015-11-01,26,22,1013.48,95,50,29,22,23,21,1016,1011,0.0
2015-11-02,26,22,1013.41,94,55,29,22,23,20,1016,1011,0.0
2015-11-03,26,21,1012.8,94,46,31,21,23,18,1016,1010,0.0
2015-11-04,26,21,1011.85,97,44,32,21,23,19,1015,1010,0.0
2015-11-05,28,22,1011.56,89,44,33,23,25,20,1015,1009,0.0
2015-11-06,27,20,1011.22,94,31,32,22,24,17,1014,1009,0.0
2015-11-07,27,19,1012.91,89,36,33,21,22,16,1016,1011,0.0
2015-11-08,27,19,1013.85,94,32,32,22,23,14,1017,1012,0.0
2015-11-09,24,18,1012.75,88,33,29,20,21,15,1016,1010,0.0
2015-11-10,24,18,1011.07,94,35,30,19,20,16,1014,1009,0.0
2015-11-11,26,18,1011.58,87,36,31,20,20,15,1014,1009,0.0
2015-11-12,25,18,1013.16,94,32,31,19,20,15,1016,1011,0.0
2015-11-13,26,19,1012.38,94,33,32,19,21,17,1016,1010,0.0
2015-11-14,25,17,1010.64,94,29,32,18,20,13,1013,1008,0.0
2015-11-15,26,19,1010.67,94,34,32,19,24,15,1014,1008,0.0
2015-11-16,26,19,1010.76,94,26,32,21,22,14,1013,1009,0.0
2015-11-17,24,22,1010.96,94,66,28,21,24,20,1013,1009,0.0
2015-11-18,26,20,1013.54,94,45,31,20,23,18,1016,1011,0.0
2015-11-19,24,20,1014.39,94,37,30,19,22,17,1017,1012,0.0
2015-11-20,25,19,1013.26,100,39,30,20,22,17,1017,1011,0.0
2015-11-21,24,18,1012.84,89,33,30,19,19,14,1016,1011,0.0
2015-11-22,24,17,1012.8,94,31,30,19,19,15,1016,1011,0.0
2015-11-23,24,16,1013.3,88,29,30,17,19,12,1017,1011,0.0
2015-11-24,24,17,1012.84,94,36,30,17,18,15,1016,1011,0.0
2015-11-25,24,17,1012.38,91,37,29,18,20,14,1015,1010,0.0
2015-11-26,24,17,1011.86,88,36,29,18,19,14,1015,1009,0.0
2015-11-27,24,18,1011.18,94,39,31,18,20,15,1014,1009,0.0
2015-11-28,24,20,1014.73,94,44,30,19,23,17,1017,1012,0.0
2015-11-29,24,19,1016.27,94,40,29,18,21,17,1019,1014,0.0
2015-11-30,24,20,1014.84,94,48,29,19,22,18,1018,1012,0.0
2015-12-01,27,21,1012.82,94,37,32,22,25,17,1016,1010,0.0
2015-12-02,26,22,1012.93,94,48,29,22,25,19,1016,1011,0.0
2015-12-03,26,19,1013.14,89,43,29,22,24,16,1016,1011,0.0
2015-12-04,24,19,1013.68,94,43,29,18,21,16,1017,1011,0.0
2015-12-05,24,19,1014.0,95,48,29,18,24,16,1016,1012,0.0
2015-12-06,24,19,1013.73,94,42,28,19,23,14,1016,1011,0.0
2015-12-07,24,20,1014.16,94,47,28,20,22,18,1017,1012,0.0
2015-12-08,23,18,1014.2,94,41,28,18,20,16,1017,1012,0.0
2015-12-09,23,18,1014.82,94,42,28,18,19,16,1018,1012,0.0
2015-12-10,23,17,1012.93,94,33,29,17,21,11,1016,1010,0.0
2015-12-11,24,20,1011.3,96,51,28,19,21,17,1014,1009,0.0
2015-12-12,24,21,1010.04,94,51,30,19,22,19,1013,1008,0.0
2015-12-13,24,20,1012.0,94,51,27,21,24,16,1015,1009,0.0
2015-12-14,22,17,1012.96,94,48,25,20,20,15,1016,1011,0.0
2015-12-15,20,15,1013.49,94,40,23,17,19,11,1016,1012,0.0
2015-12-16,19,12,1015.04,88,32,24,14,15,8,1018,1013,0.0
2015-12-17,16,13,1014.45,94,43,22,11,17,10,1018,1012,0.0
2015-12-18,18,17,1014.39,97,75,20,15,18,15,1017,1012,5.0
2015-12-19,18,13,1017.7,100,30,24,13,16,6,1021,1016,0.0
2015-12-20,17,12,1016.98,94,35,24,10,16,9,1020,1014,0.0
2015-12-21,18,13,1016.39,100,31,24,12,20,6,1020,1014,0.0
2015-12-22,18,14,1017.96,88,46,22,15,17,11,1020,1016,0.0
2015-12-23,20,14,1016.69,94,37,26,14,17,11,1020,1014,0.0
2015-12-24,20,14,1016.02,88,38,24,17,16,11,1018,1014,0.0
2015-12-25,18,12,1017.29,77,32,22,15,14,9,1020,1016,0.0
2015-12-26,18,10,1017.21,88,21,23,12,13,5,1020,1015,0.0
2015-12-27,18,9,1017.18,88,27,25,11,13,5,1020,1015,0.0
2015-12-28,18,10,1017.93,88,29,24,11,13,5,1021,1015,0.0
2015-12-29,18,12,1016.27,100,30,26,11,17,7,1019,1013,0.0
2015-12-30,18,12,1015.77,94,36,25,12,16,9,1019,1013,0.0
2015-12-31,20,15,1017.32,94,39,26,14,18,11,1020,1015,0.0
2016-01-01,20,14,1018.04,100,37,27,13,18,12,1021,1012,0.0
2016-01-02,20,15,1017.45,95,42,26,13,19,12,1021,1015,0.0
2016-01-03,20,16,1016.3,94,47,25,14,19,14,1020,1014,0.0
2016-01-04,20,15,1017.09,94,34,26,14,18,11,1020,1015,0.0
2016-01-05,18,15,1015.64,94,41,25,12,17,12,1019,1013,0.0
2016-01-06,19,14,1016.2,94,39,25,13,16,11,1020,1014,0.0
2016-01-07,20,15,1016.62,95,39,26,13,18,12,1020,1015,0.0
2016-01-08,21,17,1014.35,94,47,28,14,19,14,1018,1012,0.0
2016-01-09,22,16,1012.38,94,29,29,16,19,12,1015,1010,0.0
2016-01-10,20,12,1015.55,83,28,25,16,17,7,1019,1013,0.0
2016-01-11,19,12,1015.62,88,27,26,12,16,9,1019,1013,0.0
2016-01-12,19,12,1014.45,88,31,26,12,15,9,1018,1012,0.0
2016-01-13,18,13,1013.45,94,33,25,12,16,10,1016,1011,0.0
2016-01-14,20,14,1014.05,94,35,26,13,17,10,1018,1012,0.0
2016-01-15,20,14,1012.18,94,31,28,13,19,12,1015,1010,0.0
2016-01-16,22,14,1011.6,100,28,27,16,18,11,1014,1009,0.0
2016-01-17,20,15,1013.0,94,38,26,15,17,11,1016,1011,0.0
2016-01-18,21,14,1012.66,94,29,26,16,17,9,1016,1010,0.0
2016-01-19,20,15,1012.46,88,40,26,15,18,12,1015,1010,0.0
2016-01-20,20,18,1013.23,94,63,23,17,19,16,1016,1011,0.6
2016-01-21,18,15,1015.82,94,48,21,16,18,12,1019,1014,0.0
2016-01-22,16,12,1017.05,94,40,21,12,15,10,1020,1015,0.0
2016-01-23,16,11,1018.02,100,36,22,11,14,8,1021,1016,0.0
2016-01-24,16,9,1017.59,94,28,21,10,12,7,1022,1015,0.0
2016-01-25,16,10,1015.41,94,27,24,9,13,7,1019,1012,0.0
2016-01-26,17,11,1014.94,94,26,24,10,14,7,1018,1012,0.0
2016-01-27,18,14,1013.46,94,39,25,12,16,11,1016,1011,0.0
2016-01-28,22,17,1013.05,94,48,27,16,19,16,1016,1011,0.0
2016-01-29,20,15,1015.18,94,31,26,14,17,12,1018,1013,0.0
2016-01-30,21,14,1013.36,94,25,28,14,18,10,1016,1011,0.0
2016-01-31,24,18,1012.55,100,37,29,18,24,13,1015,1011,0.0
2016-02-01,23,15,1013.75,94,25,30,16,18,9,1017,1012,0.0
2016-02-02,24,20,1014.21,94,46,30,18,22,15,1018,1012,0.0
2016-02-03,24,19,1013.63,94,37,27,20,24,15,1016,1011,0.0
2016-02-04,22,13,1015.25,88,29,26,17,17,9,1019,1013,0.0
2016-02-05,20,12,1014.13,83,30,27,14,16,9,1018,1011,0.0
2016-02-06,20,15,1013.13,94,35,27,14,17,12,1016,1011,0.0
2016-02-07,21,14,1013.98,94,32,28,14,18,12,1017,1012,0.0
2016-02-08,23,18,1012.94,94,43,30,16,21,15,1016,1010,0.0
2016-02-09,24,21,1012.2,96,64,28,20,25,18,1015,1010,0.0
2016-02-10,22,18,1011.75,94,44,28,17,21,16,1015,1010,0.0
2016-02-11,25,22,1010.46,95,50,30,20,24,19,1013,1008,0.0
2016-02-12,25,20,1010.36,89,47,29,21,24,16,1013,1009,0.0
2016-02-13,24,18,1012.32,94,36,31,18,20,14,1015,1011,0.0
2016-02-14,26,22,1012.73,94,58,30,21,23,19,1015,1011,0.0
2016-02-15,26,22,1014.57,100,53,31,20,23,21,1017,1012,0.0
2016-02-16,28,23,1015.2,94,46,32,23,25,19,1018,1013,0.0
2016-02-17,27,22,1014.68,89,48,32,22,24,20,1018,1012,0.0
2016-02-18,28,20,1013.05,94,33,34,21,24,15,1016,1010,0.0
2016-02-19,29,20,1012.32,94,25,35,23,25,14,1016,1010,0.0
2016-02-20,28,18,1011.11,78,23,35,22,23,14,1014,1008,0.0
2016-02-21,30,19,1009.2,94,23,36,24,25,12,1012,1007,0.0
2016-02-22,28,17,1011.82,89,24,32,23,22,12,1015,1009,0.0
2016-02-23,26,18,1012.09,94,32,30,22,23,14,1015,1010,0.0
2016-02-24,23,21,1012.02,94,61,26,20,23,17,1014,1010,96.0
2016-02-25,24,21,1014.49,100,66,28,19,23,18,1017,1012,0.0
2016-02-26,24,22,1016.46,97,61,28,21,23,20,1019,1014,1.0
2016-02-27,26,20,1016.16,94,34,31,20,22,17,1020,1014,0.0
2016-02-28,26,21,1016.77,89,45,31,21,24,19,1020,1014,0.0
2016-02-29,26,22,1016.2,94,47,31,21,23,20,1020,1013,0.0
2016-03-01,26,21,1013.95,90,42,32,21,24,19,1017,1011,0.0
2016-03-02,27,20,1014.02,94,40,33,21,22,17,1017,1012,0.0
2016-03-03,27,21,1013.54,94,38,33,21,23,15,1017,1011,0.0
2016-03-04,28,20,1011.5,94,20,35,22,24,14,1015,1009,0.0
2016-03-05,28,21,1010.45,92,29,35,22,24,18,1013,1007,0.0
2016-03-06,29,19,1011.07,89,34,34,24,24,16,1014,1008,0.0
2016-03-07,28,19,1010.61,89,25,34,22,23,14,1014,1008,0.0
2016-03-08,28,19,1009.71,83,30,34,22,22,17,1013,1007,0.0
2016-03-09,30,21,1009.05,79,32,35,24,23,19,1012,1007,0.0
2016-03-10,29,20,1010.55,81,40,33,25,24,17,1013,1009,0.0
2016-03-11,30,22,1010.77,89,32,35,25,25,18,1014,1008,0.0
2016-03-12,30,22,1009.34,94,26,35,25,26,16,1012,1007,0.0
2016-03-13,28,19,1012.0,89,29,32,24,24,14,1015,1010,0.0
2016-03-14,26,18,1012.57,78,31,31,21,20,16,1015,1010,0.0
2016-03-15,28,19,1010.91,83,32,33,22,22,16,1014,1008,0.0
2016-03-16,28,20,1009.96,96,29,33,23,23,16,1013,1007,0.0
2016-03-17,28,17,1011.41,88,17,34,21,22,9,1014,1009,0.0
2016-03-18,28,21,1009.45,89,41,35,22,26,18,1013,1006,0.0
2016-03-19,27,23,1008.12,95,58,33,21,26,19,1013,1005,27.0
2016-03-20,26,24,1007.39,94,53,33,19,26,20,1010,1005,0.0
2016-03-21,31,23,1006.21,91,30,36,26,26,18,1010,1003,0.0
2016-03-22,30,18,1006.52,91,14,34,25,26,9,1009,1005,0.0
2016-03-23,28,15,1008.58,78,16,34,23,22,9,1012,1006,0.0
2016-03-24,28,20,1011.95,89,32,35,21,24,16,1015,1009,0.0
2016-03-25,29,21,1012.3,89,36,35,23,25,17,1015,1010,0.0
2016-03-26,30,23,1010.77,94,40,35,25,25,20,1014,1008,0.0
2016-03-27,30,24,1010.54,89,51,34,25,25,23,1013,1009,0.0
2016-03-28,30,22,1010.48,89,28,34,26,26,18,1013,1008,0.0
2016-03-29,30,24,1010.43,92,46,36,24,26,22,1013,1007,0.0
2016-03-30,30,24,1011.18,91,44,35,26,26,21,1013,1007,1.0
2016-03-31,30,24,1008.86,94,40,35,25,27,21,1012,1006,0.0
2016-04-01,24,21,1008.29,97,55,30,19,26,19,1011,1006,0.0
2016-04-02,30,24,1008.3,89,50,35,25,26,22,1011,1006,0.0
2016-04-03,30,25,1008.45,84,52,34,26,27,24,1011,1005,0.0
2016-04-04,32,26,1006.27,89,50,36,28,27,24,1009,1003,0.0
2016-04-05,31,26,1004.5,87,56,35,27,28,25,1007,1001,0.0
2016-04-06,32,25,1005.13,90,31,39,26,28,21,1008,1003,0.0
2016-04-07,33,23,1005.86,94,22,40,26,27,17,1008,1003,0.0
2016-04-08,32,23,1006.73,84,35,38,27,27,19,1010,1004,0.0
2016-04-09,34,24,1006.21,89,29,40,27,27,19,1009,1004,0.0
2016-04-10,34,23,1005.96,84,23,40,27,26,17,1009,1003,0.0
2016-04-11,34,22,1004.0,84,22,41,27,26,16,1007,1001,0.0
2016-04-12,34,21,1002.46,76,18,40,27,25,14,1005,1000,0.0
2016-04-13,32,19,1002.07,77,15,39,26,25,11,1005,999,0.0
2016-04-14,34,23,1003.66,83,18,40,27,27,16,1006,1002,0.0
2016-04-15,34,23,1004.46,84,17,41,27,27,14,1007,1002,0.0
2016-04-16,32,26,1003.5,89,46,37,27,29,23,1006,1001,0.0
2016-04-17,33,26,1003.5,89,44,39,27,28,23,1005,1001,0.0
2016-04-18,32,25,1004.52,84,40,37,27,27,23,1007,1003,0.0
2016-04-19,32,24,1004.71,82,44,39,26,28,23,1007,1002,0.0
2016-04-20,33,25,1004.89,84,45,39,27,28,23,1008,1002,0.0
2016-04-21,32,26,1002.49,84,47,38,27,28,24,1006,999,0.0
2016-04-22,34,27,1001.05,90,39,40,28,28,25,1005,998,0.0
2016-04-23,34,26,998.45,89,42,40,27,30,24,1001,996,0.0
2016-04-24,34,22,1000.36,89,18,40,27,27,13,1003,997,0.0
2016-04-25,33,26,1003.88,89,40,38,28,28,23,1007,1001,0.0
2016-04-26,34,26,1006.45,84,49,38,29,28,25,1009,1004,0.0
2016-04-27,34,26,1004.84,84,44,39,28,28,24,1007,1002,0.0
2016-04-28,32,27,1004.02,89,50,37,27,28,26,1007,1002,0.0
2016-04-29,34,26,1004.44,91,37,40,27,28,20,1007,1003,0.0
2016-04-30,33,24,1004.16,86,31,39,27,27,22,1007,1002,0.0
2016-05-01,34,23,1002.88,89,25,41,27,27,16,1006,999,0.0
2016-05-02,32,25,1004.11,89,42,38,27,27,22,1007,1002,0.0
2016-05-03,32,26,1005.37,94,46,37,26,27,19,1010,1002,5.0
2016-05-04,28,21,1006.41,79,42,33,22,24,18,1010,1003,0.0
2016-05-05,29,22,1007.21,94,41,36,22,26,20,1010,1005,0.0
2016-05-06,31,23,1006.53,84,33,38,24,27,19,1009,1003,0.0
2016-05-07,30,25,1006.35,94,39,37,23,27,20,1010,1003,14.0
2016-05-08,28,24,1008.23,96,48,37,20,27,20,1011,1005,0.0
2016-05-09,32,25,1007.84,89,44,37,27,27,23,1010,1005,0.0
2016-05-10,32,25,1007.41,89,43,37,27,28,22,1011,1004,0.0
2016-05-11,32,24,1006.16,94,43,37,26,27,21,1009,1003,0.0
2016-05-12,33,24,1003.07,86,35,38,28,28,20,1007,999,0.0
2016-05-13,30,24,1003.38,98,45,37,23,28,21,1008,1000,23.0
2016-05-14,28,25,1005.32,96,47,35,22,27,22,1010,1002,12.0
2016-05-15,29,25,1004.86,94,50,36,22,28,22,1008,1003,0.0
2016-05-16,32,26,1003.34,94,53,36,26,28,22,1008,1000,1.0
2016-05-17,30,25,1002.86,94,47,35,25,27,22,1006,1000,0.0
2016-05-18,30,26,1003.16,89,48,36,25,28,23,1006,1001,0.0
2016-05-19,30,27,1003.42,100,62,34,26,28,25,1005,1001,28.0
2016-05-20,28,25,1000.82,100,69,30,25,26,24,1004,998,22.0
2016-05-21,27,25,997.18,100,65,30,24,26,24,999,995,0.0
2016-05-22,29,25,998.72,94,52,34,24,27,23,1001,997,0.0
2016-05-23,32,27,999.93,96,61,36,28,29,23,1003,997,0.0
2016-05-24,30,24,1000.39,84,45,36,25,26,22,1003,998,0.0
2016-05-25,30,25,998.82,94,44,37,23,28,22,1001,995,18.0
2016-05-26,31,25,1000.32,91,47,37,25,28,22,1002,998,0.0
2016-05-27,32,27,1001.54,91,48,36,28,28,23,1004,999,0.0
2016-05-28,32,25,1001.29,84,47,36,27,27,22,1004,999,0.0
2016-05-29,30,22,1001.89,79,39,35,26,27,19,1005,1000,0.0
2016-05-30,32,25,1002.43,94,47,38,25,28,23,1005,999,5.0
2016-05-31,31,26,1003.29,94,44,37,25,28,23,1006,1001,0.0
2016-06-01,27,25,1004.7,95,60,33,21,26,21,1009,1002,1.0
2016-06-02,31,25,1003.75,94,47,36,26,28,22,1006,1001,0.0
2016-06-03,31,26,1003.98,90,53,35,27,28,24,1006,1002,0.0
2016-06-04,31,26,1005.09,91,59,35,27,27,23,1007,1003,0.0
2016-06-05,31,26,1005.41,94,56,35,27,28,25,1008,1003,7.0
2016-06-06,32,26,1004.79,95,55,36,27,27,25,1007,1003,45.0
2016-06-07,30,27,1004.2,99,62,34,26,28,26,1006,1002,0.2
2016-06-08,31,27,1002.0,94,56,35,27,28,26,1004,999,0.0
2016-06-09,32,26,999.57,91,54,36,27,27,25,1001,998,0.0
2016-06-10,32,26,999.14,94,44,37,27,29,23,1001,997,0.4
2016-06-11,34,26,998.5,89,37,40,27,31,23,1000,997,0.0
2016-06-12,32,28,999.25,95,67,34,29,30,26,1002,997,0.0
2016-06-13,24,25,1000.68,99,81,26,23,27,24,1003,1000,3.0
2016-06-14,27,25,999.22,99,69,31,23,27,23,1002,997,0.5
2016-06-15,30,25,998.3,92,49,35,26,27,23,1001,996,0.0
2016-06-16,31,27,999.39,96,59,34,28,28,26,1001,996,15.0
2016-06-17,30,27,1000.14,96,57,34,26,27,26,1002,998,1.0
2016-06-18,30,26,1002.32,97,69,33,26,28,25,1005,1000,3.0
2016-06-19,31,25,1004.16,89,47,35,27,27,24,1006,1002,0.0
2016-06-20,31,26,1004.09,89,50,35,27,27,25,1006,1001,0.0
2016-06-21,32,26,1003.54,90,52,36,27,27,24,1005,1001,0.0
2016-06-22,32,25,1004.04,89,46,36,27,27,23,1006,1002,0.0
2016-06-23,30,27,1002.66,98,66,34,27,29,25,1005,1000,0.0
2016-06-24,32,27,1001.8,89,57,36,28,28,25,1004,999,0.0
2016-06-25,32,26,1002.87,88,44,36,28,27,25,1005,1001,0.0
2016-06-26,32,26,1002.43,89,49,36,28,28,23,1004,1000,0.0
2016-06-27,30,27,1000.52,92,54,34,27,27,25,1003,998,0.2
2016-06-28,31,26,1001.29,94,52,35,27,29,25,1003,999,0.9
2016-06-29,31,27,1002.05,89,62,34,28,28,26,1004,1000,2.0
2016-06-30,31,27,1000.16,94,52,35,27,28,25,1002,997,2.0
2016-07-01,30,27,997.75,100,70,33,27,28,26,1000,996,18.0
2016-07-02,30,27,996.8,100,77,33,27,28,26,998,995,87.0
2016-07-03,28,27,996.73,100,89,29,26,28,25,1000,994,40.0
2016-07-04,28,27,998.0,100,84,30,25,28,26,1000,996,3.0
2016-07-05,28,27,997.2,100,77,30,27,29,26,999,995,1.0
2016-07-06,30,27,997.67,96,70,33,27,28,26,999,995,0.0
2016-07-07,30,27,997.61,94,62,34,27,28,26,1000,996,0.0
2016-07-08,31,27,996.66,89,60,34,28,28,26,998,995,0.3
2016-07-09,29,27,995.8,94,70,31,27,28,25,997,994,24.0
2016-07-10,30,26,995.98,95,61,33,26,27,25,998,993,4.0
2016-07-11,30,27,996.75,97,63,33,26,28,26,999,995,21.0
2016-07-12,28,27,999.29,96,74,31,26,28,25,1001,998,0.3
2016-07-13,30,26,999.67,93,58,34,27,28,25,1001,998,0.0
2016-07-14,31,27,998.79,93,63,34,28,29,25,1000,996,9.0
2016-07-15,29,27,999.13,100,86,30,28,28,26,1001,998,1.0
2016-07-16,28,26,1002.16,94,71,31,26,28,23,1006,999,0.5
2016-07-17,30,26,1005.3,94,52,34,26,29,23,1007,1004,18.0
2016-07-18,30,26,1003.61,95,51,34,25,27,24,1005,1001,24.0
2016-07-19,30,27,1001.68,94,64,33,26,28,26,1004,999,0.0
2016-07-20,31,27,1001.59,91,63,34,28,28,25,1004,1000,0.0
2016-07-21,30,27,1002.36,89,63,33,28,28,25,1004,1001,0.0
2016-07-22,30,26,1003.39,100,73,33,26,28,25,1005,1002,6.0
2016-07-23,28,26,1004.37,97,79,31,25,28,25,1006,1003,11.0
2016-07-24,30,26,1004.87,94,70,33,26,28,25,1006,1003,17.0
2016-07-25,28,26,1005.48,100,76,31,25,28,25,1008,1004,39.0
2016-07-26,28,26,1006.89,100,78,31,25,27,25,1009,1005,4.0
2016-07-27,30,25,1006.68,96,55,34,25,26,22,1009,1004,0.1
2016-07-28,30,26,1004.54,94,50,35,26,28,24,1007,1001,5.0
2016-07-29,31,27,1002.79,96,58,34,28,28,25,1005,1000,8.0
2016-07-30,30,27,1002.23,94,64,33,28,28,26,1004,1000,3.0
2016-07-31,30,27,1000.88,97,59,34,27,28,25,1003,997,38.0
2016-08-01,28,26,998.27,95,67,31,25,27,25,1000,995,12.0
2016-08-02,28,26,995.77,100,72,31,25,27,25,997,994,6.0
2016-08-03,29,26,996.52,95,61,33,25,27,25,998,995,3.0
2016-08-04,29,27,996.66,100,69,32,26,28,25,998,995,0.0
2016-08-05,28,26,997.81,94,78,31,26,27,26,1000,996,12.0
2016-08-06,28,26,999.06,100,81,30,25,27,26,1001,998,3.0
2016-08-07,28,26,1000.82,100,78,30,25,27,25,1003,999,1.0
2016-08-08,30,26,1000.15,94,60,33,26,28,25,1002,998,0.2
2016-08-09,28,26,996.75,94,68,30,27,27,25,999,995,19.0
2016-08-10,26,26,996.71,100,86,27,25,26,25,998,995,0.0
2016-08-11,28,26,999.21,100,68,32,25,28,25,1002,997,35.0
2016-08-12,30,27,1000.5,94,65,34,26,28,25,1002,998,0.6
2016-08-13,32,26,1000.07,90,55,36,27,28,24,1002,998,0.0
2016-08-14,31,27,998.81,100,56,36,26,29,25,1001,996,100.0
2016-08-15,30,27,996.57,100,57,35,26,29,26,998,994,0.0
2016-08-16,30,26,994.07,94,60,34,27,28,25,996,991,0.7
2016-08-17,27,26,990.86,100,84,28,26,27,25,994,987,17.0
2016-08-18,30,26,997.54,100,64,33,26,28,25,1001,994,2.0
2016-08-19,30,26,1000.73,94,57,34,26,27,24,1002,999,0.2
2016-08-20,31,27,1000.7,94,50,35,27,29,25,1002,999,2.0
2016-08-21,26,26,1000.16,100,74,27,26,27,25,1002,998,71.0
2016-08-22,26,25,1003.45,100,78,29,23,27,24,1006,1000,4.0
2016-08-23,29,26,1003.91,100,63,33,25,29,25,1006,1001,13.0
2016-08-24,30,26,1002.63,91,60,34,26,28,25,1005,1000,9.0
2016-08-25,30,26,1003.07,91,60,35,26,28,25,1006,1000,0.0
2016-08-26,31,26,1004.36,94,55,35,27,28,24,1007,1002,5.0
2016-08-27,31,26,1005.87,94,49,35,27,27,23,1008,1003,0.0
2016-08-28,30,27,1006.11,89,52,34,27,28,25,1009,1003,0.0
2016-08-29,30,27,1003.59,89,58,34,27,28,24,1006,1001,0.8
2016-08-30,32,26,1002.75,94,52,36,27,28,24,1005,1000,0.0
2016-08-31,30,27,1003.71,100,65,34,27,28,26,1006,1002,3.0
2016-09-01,30,27,1002.46,94,61,35,26,28,26,1005,1000,0.0
2016-09-02,32,26,1000.45,89,59,35,28,28,25,1003,997,0.0
2016-09-03,31,26,999.71,95,63,35,27,27,25,1002,997,9.0
2016-09-04,30,27,1000.28,100,64,33,26,28,25,1002,998,21.0
2016-09-05,30,27,999.43,100,62,33,26,28,26,1001,997,0.0
2016-09-06,28,26,999.96,96,74,31,25,28,25,1002,998,0.0
2016-09-07,29,26,1001.05,100,60,33,25,28,24,1003,999,0.0
2016-09-08,30,26,1003.05,94,63,33,26,27,25,1005,1001,0.0
2016-09-09,30,27,1004.51,94,66,33,26,28,25,1006,1002,2.0
2016-09-10,30,26,1004.59,94,44,35,26,27,25,1007,1002,0.0
2016-09-11,30,26,1004.11,90,62,34,27,28,25,1006,1002,1.0
2016-09-12,31,26,1004.54,94,52,35,27,27,23,1007,1003,0.1
2016-09-13,30,26,1005.98,94,60,33,26,28,25,1008,1004,5.0
2016-09-14,30,26,1006.04,94,56,35,26,27,24,1009,1003,0.0
2016-09-15,30,25,1005.32,94,47,34,27,28,22,1007,1002,0.0
2016-09-16,31,26,1004.54,94,58,35,27,28,24,1007,1002,4.0
2016-09-17,31,26,1004.61,100,67,35,27,28,26,1006,1002,34.0
2016-09-18,30,26,1005.36,90,61,35,26,27,26,1008,1003,1.0
2016-09-19,30,26,1004.24,94,50,35,26,28,24,1007,1001,0.0
2016-09-20,31,26,1004.23,95,54,35,27,27,24,1007,1001,0.0
2016-09-21,30,26,1006.96,90,57,34,27,28,25,1010,1005,0.9
2016-09-22,30,26,1007.12,94,65,33,26,27,26,1010,1005,12.0
2016-09-23,29,26,1004.6,94,66,32,26,28,24,1007,1002,5.0
2016-09-24,30,26,1003.38,96,51,35,26,27,24,1006,1001,0.0
2016-09-25,30,27,1004.5,94,69,33,26,28,25,1007,1002,5.0
2016-09-26,30,26,1005.73,90,66,34,26,27,24,1008,1004,0.0
2016-09-27,30,26,1005.93,96,55,35,26,27,25,1008,1003,0.5
2016-09-28,28,26,1005.21,100,74,30,27,27,25,1008,1003,0.6
2016-09-29,29,26,1004.41,100,64,33,25,28,24,1006,1001,6.0
2016-09-30,30,26,1004.46,91,54,34,26,27,24,1007,1002,0.0
2016-10-01,30,26,1006.7,94,53,35,26,28,25,1009,1005,0.0
2016-10-02,30,25,1008.27,94,49,34,26,27,23,1012,1006,0.0
2016-10-03,31,25,1006.66,89,48,35,27,27,23,1010,1003,0.0
2016-10-04,30,25,1005.0,94,49,35,26,27,23,1008,1002,7.0
2016-10-05,30,26,1004.45,94,63,34,25,27,24,1007,1001,0.0
2016-10-06,30,25,1004.82,100,54,34,26,26,23,1008,1002,0.6
2016-10-07,28,26,1005.59,94,77,30,26,27,25,1008,1003,6.0
2016-10-08,28,26,1006.07,94,79,30,25,28,26,1009,1004,19.0
2016-10-09,29,26,1004.77,97,65,33,25,27,25,1007,1002,0.4
2016-10-10,28,26,1003.34,97,67,31,25,28,24,1006,1001,34.0
2016-10-11,28,26,1002.89,96,72,31,24,27,24,1005,1001,12.0
2016-10-12,29,25,1004.23,94,57,32,26,26,24,1007,1002,0.0
2016-10-13,28,22,1007.11,94,31,33,22,26,18,1010,1005,0.0
2016-10-14,28,20,1008.14,89,28,33,22,25,16,1010,1006,0.0
2016-10-15,28,21,1008.64,89,33,33,22,25,18,1011,1006,0.0
2016-10-16,28,20,1009.07,79,37,33,22,23,18,1012,1007,0.0
2016-10-17,29,21,1007.68,89,37,34,24,24,19,1010,1005,0.0
2016-10-18,30,23,1006.8,94,45,34,25,24,22,1010,1004,0.0
2016-10-19,29,22,1006.09,89,41,33,25,23,19,1009,1003,0.0
2016-10-20,29,21,1005.43,83,40,34,24,23,19,1008,1003,0.0
2016-10-21,28,20,1006.38,89,31,33,23,24,17,1009,1005,0.0
2016-10-22,28,21,1007.36,94,35,33,22,23,18,1010,1005,0.0
2016-10-23,28,21,1006.64,89,31,33,23,23,17,1010,1004,0.0
2016-10-24,28,21,1005.57,94,35,32,23,23,18,1008,1003,0.0
2016-10-25,28,22,1005.79,94,36,33,23,23,19,1008,1003,0.0
2016-10-26,28,23,1008.59,94,44,32,24,26,21,1011,1006,3.0
2016-10-27,26,24,1011.09,95,70,30,23,26,23,1014,1009,0.7
2016-10-28,27,24,1010.59,94,69,29,25,26,23,1013,1008,0.0
2016-10-29,28,24,1010.51,94,54,31,24,25,22,1013,1009,0.0
2016-10-30,28,24,1011.54,94,58,31,24,25,23,1014,1009,0.0
2016-10-31,28,24,1013.16,94,57,32,25,26,22,1016,1011,0.0
2016-11-01,28,24,1012.05,94,50,32,25,25,23,1015,1010,0.0
2016-11-02,28,23,1012.13,94,50,33,24,25,21,1015,1010,0.0
2016-11-03,28,24,1012.21,94,53,32,25,26,22,1015,1010,5.0
2016-11-04,26,24,1010.51,94,70,28,24,25,22,1014,1008,7.0
2016-11-05,22,21,1007.14,95,85,23,21,22,21,1010,1004,10.0
2016-11-06,24,20,1007.0,94,51,29,20,22,18,1010,1005,0.0
2016-11-07,24,18,1009.09,94,36,29,20,21,15,1012,1007,0.0
2016-11-08,24,17,1010.91,88,29,30,18,21,14,1013,1009,0.0
2016-11-09,24,16,1011.79,88,26,30,17,19,11,1015,1009,0.0
2016-11-10,24,15,1011.48,83,32,30,18,19,12,1014,1009,0.0
2016-11-11,24,18,1011.88,88,42,30,19,20,16,1014,1010,0.0
2016-11-12,25,18,1013.15,88,33,30,20,21,13,1016,1011,0.0
2016-11-13,25,19,1014.2,94,34,31,19,21,16,1017,1012,0.0
2016-11-14,25,19,1013.36,94,37,30,20,21,14,1016,1011,0.0
2016-11-15,24,17,1013.23,88,27,29,20,20,14,1016,1011,0.0
2016-11-16,24,13,1013.8,78,22,29,18,17,9,1017,1012,0.0
2016-11-17,22,13,1013.73,88,23,29,16,16,8,1017,1011,0.0
2016-11-18,23,14,1012.22,88,31,29,17,16,10,1016,1009,0.0
2016-11-19,23,14,1011.06,83,24,29,17,16,10,1014,1009,0.0
2016-11-20,22,15,1011.59,88,30,28,16,17,13,1015,1009,0.0
2016-11-21,22,16,1011.16,94,36,28,17,18,13,1014,1009,0.0
2016-11-22,22,16,1010.78,94,33,28,17,18,14,1014,1008,0.0
2016-11-23,23,17,1011.12,94,36,29,17,18,14,1014,1009,0.0
2016-11-24,22,17,1011.44,100,38,28,17,19,14,1015,1009,0.0
2016-11-25,22,16,1010.5,97,29,28,16,19,12,1014,1007,0.0
2016-11-26,23,18,1010.5,94,34,29,17,20,16,1013,1008,0.0
2016-11-27,22,18,1010.27,94,46,28,17,21,16,1014,1007,0.0
2016-11-28,22,18,1011.2,94,47,28,17,20,16,1014,1009,0.0
2016-11-29,24,18,1012.87,94,31,30,17,20,15,1016,1011,0.0
2016-11-30,23,19,1014.21,94,41,28,18,21,16,1017,1012,0.0
2016-12-01,24,19,1014.54,94,43,29,19,21,17,1017,1012,0.0
2016-12-02,24,18,1014.69,94,36,29,18,21,16,1018,1013,0.0
2016-12-03,24,18,1015.95,94,36,29,18,20,15,1019,1014,0.0
2016-12-04,23,17,1015.82,94,38,28,18,19,15,1019,1014,0.0
2016-12-05,22,17,1014.63,94,44,28,16,20,14,1017,1012,0.0
2016-12-06,22,17,1014.8,94,40,27,16,18,15,1018,1012,0.0
2016-12-07,22,16,1013.41,94,33,28,16,18,13,1017,1011,0.0
2016-12-08,22,15,1012.3,88,31,28,16,17,13,1015,1010,0.0
2016-12-09,20,15,1011.05,94,42,25,15,17,13,1014,1008,0.0
2016-12-10,19,15,1011.4,94,37,25,13,16,14,1014,1009,0.0
2016-12-11,19,14,1011.37,100,34,25,13,15,12,1014,1009,0.0
2016-12-12,20,13,1011.59,94,31,26,13,15,10,1015,1010,0.0
2016-12-13,20,12,1012.54,94,34,25,14,14,10,1016,1011,0.0
2016-12-14,18,12,1013.39,94,29,24,13,14,9,1017,1012,0.0
2016-12-15,19,12,1014.11,88,29,25,13,14,9,1017,1012,0.0
2016-12-16,19,12,1014.59,88,37,27,11,15,10,1018,1012,0.0
2016-12-17,20,13,1013.73,88,36,26,15,16,11,1017,1011,0.0
2016-12-18,20,14,1014.8,88,34,25,14,16,10,1018,1013,0.0
2016-12-19,19,14,1014.09,94,34,25,13,16,12,1017,1012,0.0
2016-12-20,20,13,1013.5,94,35,26,14,17,10,1017,1011,0.0
2016-12-21,19,13,1013.53,95,32,25,13,15,10,1016,1011,0.0
2016-12-22,19,15,1012.59,94,39,25,13,18,13,1016,1010,0.0
2016-12-23,21,16,1011.07,94,49,26,16,19,13,1014,1008,0.0
2016-12-24,21,17,1011.04,100,44,27,15,20,14,1014,1009,0.0
2016-12-25,21,18,1012.36,100,46,27,15,20,15,1015,1010,0.0
2016-12-26,22,17,1012.09,94,39,29,15,19,15,1015,1010,0.0
2016-12-27,22,16,1014.21,94,42,26,17,18,13,1018,1011,0.0
2016-12-28,18,15,1014.67,94,64,22,15,17,13,1018,1012,0.0
2016-12-29,19,16,1014.93,100,56,24,14,17,13,1018,1012,0.0
2016-12-30,20,15,1014.95,94,42,25,14,17,13,1018,1013,0.0
2016-12-31,20,15,1014.68,94,42,26,14,17,13,1018,1012,0.0
2017-01-01,20,16,1015.11,100,50,25,14,20,14,1018,1013,0.0
2017-01-02,20,16,1014.86,94,43,26,14,18,14,1018,1013,0.0
2017-01-03,21,16,1013.93,94,39,26,16,17,14,1017,1011,0.0
2017-01-04,20,14,1013.77,88,32,25,15,16,12,1016,1012,0.0
2017-01-05,20,14,1012.96,94,32,26,15,16,10,1016,1011,0.0
2017-01-06,18,12,1013.14,100,24,25,12,14,8,1017,1011,0.0
2017-01-07,18,11,1011.84,100,25,25,11,14,9,1015,1009,0.0
2017-01-08,19,12,1011.66,88,24,27,11,14,9,1015,1009,0.0
2017-01-09,20,13,1011.36,94,28,27,13,16,10,1015,1009,0.0
2017-01-10,18,13,1012.18,94,35,23,14,15,10,1015,1010,0.0
2017-01-11,19,13,1012.79,88,20,24,14,15,6,1016,1011,0.0
2017-01-12,18,10,1013.36,82,28,23,14,14,5,1016,1011,0.0
2017-01-13,17,8,1014.43,88,25,23,11,10,4,1018,1013,0.0
2017-01-14,16,5,1015.64,77,18,21,10,8,1,1018,1014,0.0
2017-01-15,16,8,1015.98,82,24,23,10,11,4,1019,1014,0.0
2017-01-16,16,9,1014.91,88,25,24,9,11,6,1018,1013,0.0
2017-01-17,19,11,1014.82,94,19,27,11,13,7,1017,1013,0.0
2017-01-18,20,12,1017.61,88,24,26,13,15,9,1020,1016,0.0
2017-01-19,20,12,1017.32,88,27,26,15,14,10,1020,1015,0.0
2017-01-20,19,11,1016.95,82,27,26,12,15,7,1020,1014,0.0
2017-01-21,19,11,1017.43,94,19,26,12,14,6,1021,1015,0.0
2017-01-22,19,11,1017.59,88,23,26,12,13,8,1021,1015,0.0
2017-01-23,20,12,1016.57,88,22,27,13,15,9,1020,1014,0.0
2017-01-24,20,13,1016.96,88,30,27,13,16,11,1020,1015,0.0
2017-01-25,22,15,1017.2,94,32,28,15,17,12,1020,1015,0.0
2017-01-26,22,15,1016.11,94,28,29,15,17,12,1020,1013,0.0
2017-01-27,22,17,1014.23,88,51,26,17,19,15,1017,1013,0.3
2017-01-28,20,15,1014.05,94,42,26,15,17,10,1017,1012,0.0
2017-01-29,19,13,1015.27,88,33,25,13,14,11,1019,1013,0.0
2017-01-30,20,13,1013.8,88,34,26,14,15,10,1018,1011,0.0
2017-01-31,21,15,1013.33,94,40,28,14,18,13,1016,1012,0.0
2017-02-01,22,15,1014.8,88,40,27,16,18,14,1017,1013,0.0
2017-02-02,20,15,1016.71,94,44,25,15,16,14,1020,1014,0.0
2017-02-03,20,13,1015.77,94,30,25,14,15,11,1019,1013,0.0
2017-02-04,21,14,1013.98,88,33,27,15,17,12,1017,1011,0.0
2017-02-05,22,15,1012.75,88,24,29,16,17,9,1016,1010,0.0
2017-02-06,22,14,1011.23,94,20,30,15,16,10,1014,1009,0.0
2017-02-07,24,15,1011.63,83,29,29,18,17,13,1014,1010,0.0
2017-02-08,22,12,1013.43,83,22,28,15,15,7,1017,1011,0.0
2017-02-09,22,13,1012.49,88,23,29,14,17,8,1015,1010,0.0
2017-02-10,24,16,1012.14,100,33,29,18,19,13,1015,1010,0.0
2017-02-11,24,15,1014.81,88,35,30,18,17,12,1017,1013,0.0
2017-02-12,24,15,1016.68,78,32,30,17,18,12,1020,1015,0.0
2017-02-13,23,16,1017.6,88,35,29,17,19,13,1020,1015,0.0
2017-02-14,26,17,1018.31,94,23,32,19,21,12,1021,1016,0.0
2017-02-15,24,15,1018.17,94,25,29,19,19,12,1021,1015,0.0
2017-02-16,22,14,1015.89,83,28,29,16,18,12,1019,1013,0.0
2017-02-17,24,16,1014.81,88,30,30,17,18,12,1017,1012,0.0
2017-02-18,24,18,1014.49,94,37,31,18,20,14,1018,1012,0.0
2017-02-19,25,20,1012.15,94,43,31,19,23,17,1016,1009,0.0
2017-02-20,27,21,1007.56,89,49,31,23,23,20,1011,1004,0.0
2017-02-21,28,21,1007.36,94,37,33,23,23,18,1010,1005,0.0
2017-02-22,28,22,1008.55,89,46,33,23,23,20,1011,1006,0.0
2017-02-23,26,16,1011.0,94,18,30,21,23,8,1014,1008,0.0
2017-02-24,23,10,1013.4,68,13,30,16,15,4,1017,1011,0.0
2017-02-25,22,10,1012.93,73,14,29,15,15,4,1017,1010,0.0
2017-02-26,24,11,1010.65,73,12,31,16,14,4,1013,1008,0.0
2017-02-27,24,13,1012.38,88,16,32,17,17,9,1015,1010,0.0
2017-02-28,25,13,1012.85,78,19,32,18,16,10,1016,1010,0.0
2017-03-01,25,14,1011.83,88,15,32,18,19,8,1015,1009,0.0
2017-03-02,27,17,1009.87,100,21,35,19,24,13,1014,1007,0.0
2017-03-03,29,15,1007.16,74,15,35,23,21,7,1014,1004,0.0
2017-03-04,26,19,1007.63,90,36,30,21,21,17,1011,1006,0.0
2017-03-05,28,22,1006.89,89,46,32,23,24,20,1010,1004,0.0
2017-03-06,27,18,1007.85,89,21,31,23,24,11,1011,1006,0.0
2017-03-07,26,16,1008.62,88,17,33,20,21,10,1012,1006,0.0
2017-03-08,24,20,1008.58,94,61,27,20,22,18,1011,1007,7.0
2017-03-09,22,21,1007.23,100,70,27,18,24,18,1010,1004,4.0
2017-03-10,26,22,1005.95,100,52,32,21,25,20,1009,1002,12.0
2017-03-11,26,21,1006.8,95,52,31,21,24,20,1010,1005,8.0
2017-03-12,24,18,1009.26,94,31,29,20,22,14,1012,1007,0.0
2017-03-13,23,12,1012.79,78,23,28,18,18,8,1016,1011,0.0
2017-03-14,24,13,1013.23,82,24,30,17,15,10,1016,1011,0.0
2017-03-15,24,12,1012.43,88,14,31,17,16,7,1016,1010,0.0
2017-03-16,24,12,1010.69,78,18,32,16,16,9,1014,1008,0.0
2017-03-17,26,18,1008.89,89,21,33,20,23,14,1012,1006,0.0
2017-03-18,29,20,1008.8,89,11,34,24,25,6,1011,1007,0.0
2017-03-19,28,17,1010.84,94,18,34,22,23,8,1014,1008,3.0
2017-03-20,23,18,1010.93,89,49,27,19,19,17,1013,1009,0.0
2017-03-21,24,17,1012.37,94,24,32,17,21,10,1016,1010,0.0
2017-03-22,27,20,1010.59,90,33,33,21,23,17,1014,1008,0.0
2017-03-23,29,20,1009.04,94,22,35,23,24,14,1012,1006,0.0
2017-03-24,30,21,1008.51,88,35,35,25,24,18,1011,1006,0.0
2017-03-25,30,23,1008.73,89,43,35,25,24,19,1011,1006,0.0
2017-03-26,30,23,1009.69,90,50,34,25,25,22,1012,1007,0.0
2017-03-27,30,24,1009.44,89,40,35,26,26,21,1012,1006,0.0
2017-03-28,30,24,1008.5,94,49,34,26,25,23,1011,1005,0.0
2017-03-29,30,24,1006.54,84,53,35,26,26,23,1008,1004,0.0
2017-03-30,30,24,1006.61,89,51,34,26,26,23,1009,1004,0.0
2017-03-31,30,25,1008.17,89,50,35,26,26,23,1011,1005,0.0
2017-04-01,30,24,1006.42,89,51,34,26,26,24,1009,1003,0.0
2017-04-02,30,25,1004.82,89,56,35,26,26,24,1008,1002,0.0
2017-04-03,32,23,1005.2,89,36,36,27,25,18,1008,1003,0.0
2017-04-04,30,24,1006.34,88,59,34,27,26,22,1009,1004,0.0
2017-04-05,30,25,1006.84,84,56,33,27,26,24,1009,1004,0.0
2017-04-06,30,25,1006.88,89,65,32,27,26,25,1009,1005,0.0
2017-04-07,30,25,1007.02,94,57,34,27,27,24,1010,1004,1.0
2017-04-08,30,26,1007.0,94,52,34,26,27,25,1010,1005,0.0
2017-04-09,32,25,1006.86,91,46,36,27,27,25,1010,1004,0.0
2017-04-10,32,22,1006.18,85,21,36,27,26,16,1009,1003,0.0
2017-04-11,32,18,1006.29,94,8,37,27,27,5,1009,1004,0.0
2017-04-12,32,22,1006.98,84,32,37,26,25,14,1010,1004,0.0
2017-04-13,30,21,1007.75,88,29,36,25,25,17,1011,1005,0.0
2017-04-14,30,21,1007.31,85,25,36,25,25,16,1010,1005,0.0
2017-04-15,30,22,1005.24,89,34,35,25,25,16,1008,1002,0.0
2017-04-16,29,23,1005.16,89,47,33,25,25,22,1008,1003,0.0
2017-04-17,30,22,1006.45,83,40,35,24,24,21,1009,1003,0.0
2017-04-18,30,24,1006.39,89,42,35,26,26,22,1009,1004,0.0
2017-04-19,30,26,1003.93,89,47,34,27,27,20,1007,1001,0.0
2017-04-20,28,23,1004.74,84,51,34,23,26,20,1007,1002,0.0
2017-04-21,32,26,1003.46,89,48,35,28,27,24,1006,1000,0.0
2017-04-22,30,25,1002.98,89,39,35,26,27,18,1006,1000,2.0
2017-04-23,30,25,1004.15,89,57,35,24,28,20,1007,1000,0.0
2017-04-24,30,25,1003.59,89,48,36,25,27,20,1007,1001,0.0
2017-04-25,32,26,1002.63,85,43,37,28,28,23,1005,1000,0.0
2017-04-26,32,25,1004.29,89,33,38,27,27,20,1007,1001,0.0
2017-04-27,32,25,1006.45,89,47,37,27,27,19,1009,1004,0.0
2017-04-28,32,26,1005.95,89,41,37,26,28,24,1009,1003,0.0
2017-04-29,32,26,1006.74,90,46,37,28,27,24,1010,1004,0.0
2017-04-30,30,25,1006.91,89,42,37,23,26,21,1011,1004,10.0
2017-05-01,30,22,1009.11,94,44,36,23,25,19,1013,1006,0.1
2017-05-02,28,22,1009.83,88,44,35,22,26,20,1013,1007,0.0
2017-05-03,32,25,1008.78,89,38,37,27,26,22,1012,1006,0.0
2017-05-04,32,25,1007.37,89,39,37,27,27,22,1010,1004,0.0
2017-05-05,32,25,1006.44,94,37,37,27,27,20,1009,1003,0.0
2017-05-06,32,26,1007.62,94,47,37,28,28,23,1011,1005,0.0
2017-05-07,32,24,1007.51,88,28,37,27,27,20,1011,1005,0.0
2017-05-08,32,25,1007.14,89,45,37,27,26,19,1010,1003,0.0
2017-05-09,31,23,1006.45,89,45,37,25,27,20,1009,1004,0.0
2017-05-10,30,23,1007.39,94,45,35,24,26,22,1010,1005,0.0
2017-05-11,31,25,1007.79,100,34,37,25,29,21,1012,1004,0.4
2017-05-12,30,22,1007.28,83,40,37,24,26,20,1011,1003,0.0
2017-05-13,31,24,1004.71,94,32,38,24,27,20,1008,1001,7.0
2017-05-14,31,24,1002.67,94,42,38,24,27,21,1005,1000,0.0
2017-05-15,33,26,1000.91,84,52,37,29,28,26,1004,998,0.0
2017-05-16,28,23,1001.39,100,33,35,22,27,19,1004,998,0.0
2017-05-17,30,26,1001.2,89,40,36,25,28,22,1004,998,1.0
2017-05-18,30,25,1002.85,94,45,37,24,28,23,1005,1001,0.0
2017-05-19,32,24,1003.35,89,34,39,26,28,21,1006,1001,0.0
2017-05-20,33,26,1002.06,84,43,38,28,27,22,1005,999,0.0
2017-05-21,32,25,1001.46,89,37,38,27,28,22,1004,999,0.0
2017-05-22,34,27,1002.69,89,43,38,28,28,24,1005,1000,0.0
2017-05-23,33,25,1003.31,79,46,38,28,28,23,1006,1000,0.0
2017-05-24,33,25,1003.13,84,37,37,29,28,20,1006,1001,0.0
2017-05-25,33,25,1002.66,84,39,37,29,28,21,1005,1000,0.0
2017-05-26,32,25,1002.98,89,43,37,26,27,24,1007,1000,0.2
2017-05-27,30,24,1002.49,89,41,36,25,28,23,1005,1000,5.0
2017-05-28,32,25,1001.11,94,39,38,25,26,23,1004,998,23.0
2017-05-29,30,25,998.55,100,47,36,25,27,24,1001,996,7.0
2017-05-30,30,25,996.9,94,50,35,25,26,23,1000,995,9.0
2017-05-31,30,25,1000.56,100,63,35,24,29,23,1003,998,19.0
2017-06-01,30,26,1001.25,98,50,36,25,29,24,1004,998,20.0
2017-06-02,30,26,1002.16,94,50,36,24,28,24,1005,1000,0.0
2017-06-03,33,27,1001.19,89,49,37,29,28,24,1004,999,0.0
2017-06-04,34,27,999.45,84,49,37,30,29,27,1002,997,0.0
2017-06-05,33,26,1000.74,89,42,37,28,29,23,1004,999,0.0
2017-06-06,30,25,1002.75,94,44,36,25,27,23,1004,1000,10.0
2017-06-07,32,25,1002.93,89,44,37,27,28,23,1006,1000,0.0
2017-06-08,32,25,1001.54,86,43,36,28,27,23,1004,999,0.0
2017-06-09,30,26,1000.85,90,56,35,26,27,24,1003,999,0.0
2017-06-10,30,26,999.75,94,56,34,27,28,25,1002,997,4.0
2017-06-11,30,26,996.75,91,58,33,27,28,25,999,993,2.0
2017-06-12,30,25,996.78,89,52,35,26,26,25,999,995,0.0
2017-06-13,32,26,999.11,86,42,38,27,28,24,1002,997,0.0
2017-06-14,32,27,1001.6,89,51,36,29,29,25,1004,1000,0.0
2017-06-15,31,26,1001.25,91,56,35,27,27,24,1004,999,0.0
2017-06-16,30,26,1000.73,89,54,35,26,27,24,1003,999,0.0
2017-06-17,32,26,1000.98,85,46,37,28,28,24,1003,998,4.0
2017-06-18,32,27,999.62,94,53,37,26,28,25,1002,997,0.0
2017-06-19,31,26,998.65,100,47,37,25,28,24,1002,995,0.0
2017-06-20,27,25,1000.42,100,66,30,24,26,23,1004,998,3.0
2017-06-21,30,26,999.6,94,62,34,26,28,24,1002,997,0.0
2017-06-22,30,26,999.81,97,46,36,25,28,24,1002,998,32.0
2017-06-23,29,26,999.44,96,60,32,26,28,25,1001,996,36.0
2017-06-24,28,26,997.91,96,66,32,25,26,25,1000,995,12.0
2017-06-25,30,26,998.22,95,60,33,26,27,25,1001,996,2.0
2017-06-26,30,26,999.62,98,58,33,26,27,24,1002,997,3.0
2017-06-27,29,26,1000.2,94,47,39,26,28,25,1002,997,11.0
2017-06-28,30,26,1000.5,94,74,33,27,28,25,1002,998,3.0
2017-06-29,30,27,999.84,94,66,33,27,28,26,1002,997,1.0
2017-06-30,31,27,997.64,94,63,35,27,28,26,999,995,0.0
2017-07-01,30,27,996.76,96,63,34,27,28,26,999,994,11.0
2017-07-02,28,27,997.59,97,81,31,26,28,26,999,996,39.0
2017-07-03,29,27,998.38,100,64,32,26,28,26,1001,996,3.0
2017-07-04,30,27,998.3,100,63,33,27,28,25,1000,997,10.0
2017-07-05,30,27,998.72,92,68,33,26,28,26,1001,997,0.0
2017-07-06,29,27,1000.13,100,81,31,27,28,25,1002,998,57.0
2017-07-07,30,27,1000.45,100,69,33,26,28,25,1002,999,48.0
2017-07-08,30,27,1000.57,96,73,33,27,29,26,1003,999,16.0
2017-07-09,30,26,1001.78,91,58,34,27,29,25,1004,1000,1.0
2017-07-10,30,26,1002.0,100,54,34,27,28,25,1004,1000,0.0
2017-07-11,28,26,1001.11,100,76,30,25,28,25,1003,999,30.0
2017-07-12,28,26,1001.5,100,73,30,26,27,26,1003,1000,2.0
2017-07-13,28,26,1001.02,98,64,31,25,27,25,1003,998,3.0
2017-07-14,30,26,1000.75,94,58,33,26,28,25,1003,999,0.0
2017-07-15,30,26,1000.07,92,56,34,27,27,24,1002,998,0.2
2017-07-16,30,25,998.85,92,47,34,27,27,24,1001,996,0.0
2017-07-17,30,26,998.21,94,51,34,27,27,25,1000,995,0.0
2017-07-18,30,26,998.15,90,52,34,27,28,25,1000,996,4.0
2017-07-19,28,26,997.34,94,77,30,26,28,25,999,995,0.0
2017-07-20,27,27,997.31,100,84,29,25,28,26,1000,996,22.0
2017-07-21,28,27,999.48,100,78,30,26,27,26,1002,997,0.5
2017-07-22,28,27,999.32,100,89,29,26,28,25,1001,997,24.0
2017-07-23,26,26,997.93,100,84,28,25,27,25,1000,996,42.0
2017-07-24,26,26,996.27,100,86,27,25,27,24,998,995,38.0
2017-07-25,27,26,997.61,94,83,30,24,28,23,1000,996,3.0
2017-07-26,30,27,1000.13,94,64,33,26,28,25,1003,998,5.0
2017-07-27,30,26,1002.52,97,70,33,27,27,25,1005,1001,11.0
2017-07-28,30,26,1003.62,100,65,34,25,29,25,1005,1002,54.0
2017-07-29,30,27,1003.65,95,49,35,26,28,25,1006,1001,0.0
2017-07-30,30,26,1002.63,90,62,32,28,29,26,1005,1000,0.0
2017-07-31,30,27,1002.05,89,64,34,26,28,25,1004,1000,0.5
2017-08-01,31,27,1001.66,94,61,35,27,28,26,1004,999,0.1
2017-08-02,31,27,1000.68,100,56,35,27,30,25,1003,998,45.0
2017-08-03,30,27,998.8,100,69,33,26,28,25,1001,996,2.0
2017-08-04,30,26,997.42,94,67,33,26,28,25,1000,995,5.0
2017-08-05,30,27,997.49,100,64,34,27,29,25,1000,996,16.0
2017-08-06,29,27,1000.2,94,70,32,26,28,26,1002,998,2.0
2017-08-07,30,26,1002.64,97,69,32,27,28,25,1005,1001,3.0
2017-08-08,30,27,1003.07,94,61,35,26,28,25,1005,1000,0.6
2017-08-09,30,27,1002.96,94,61,34,27,28,25,1005,1001,2.0
2017-08-10,30,26,1001.4,100,62,34,25,28,25,1003,999,42.0
2017-08-11,29,27,1001.25,96,66,32,26,28,25,1003,999,0.0
2017-08-12,28,26,1002.15,100,83,30,26,28,25,1004,1000,18.0
2017-08-13,28,25,1003.98,100,69,32,25,28,24,1006,1002,6.0
2017-08-14,28,26,1005.15,100,75,32,25,28,24,1007,1003,56.0
2017-08-15,30,25,1003.54,94,57,34,26,27,24,1006,1001,0.0
2017-08-16,30,25,1001.15,100,56,34,26,27,23,1004,999,21.0
2017-08-17,32,26,999.36,100,47,39,26,27,25,1002,997,1.0
2017-08-18,28,26,1000.51,97,64,31,26,27,25,1003,998,0.0
2017-08-19,30,26,1003.18,94,62,32,27,27,25,1006,1001,11.0
2017-08-20,30,26,1003.54,94,62,33,26,28,25,1006,1001,0.4
2017-08-21,30,26,1002.7,97,51,35,26,29,25,1005,1000,2.0
2017-08-22,30,26,1002.39,94,60,32,27,27,25,1004,1000,0.0
2017-08-23,28,26,1002.82,100,72,31,25,27,24,1005,999,21.0
2017-08-24,30,25,1001.72,94,52,34,26,27,23,1005,999,0.0
2017-08-25,30,26,1000.73,92,51,34,27,27,25,1003,998,0.0
2017-08-26,30,26,999.0,94,56,34,27,27,25,1001,997,0.0
2017-08-27,30,26,999.05,94,61,32,27,27,25,1001,997,0.0
2017-08-28,29,26,1000.8,94,70,32,26,27,25,1003,999,0.0
2017-08-29,28,26,1003.46,100,73,32,25,27,25,1006,1002,8.0
2017-08-30,30,26,1004.39,96,55,35,26,28,25,1007,1002,0.0
2017-08-31,30,26,1004.36,100,67,33,27,28,26,1007,1002,2.0
2017-09-01,28,26,1003.51,100,75,33,24,28,23,1005,1001,79.0
2017-09-02,28,25,1003.07,100,69,33,24,28,24,1005,1001,38.0
2017-09-03,30,25,1003.89,89,56,35,25,27,24,1006,1002,4.0
2017-09-04,32,26,1004.58,91,53,36,28,28,24,1007,1002,0.0
2017-09-05,32,27,1004.67,91,57,35,28,28,25,1007,1002,0.1
2017-09-06,32,26,1004.96,94,48,36,28,27,24,1007,1002,0.0
2017-09-07,32,26,1005.31,94,51,36,28,28,25,1008,1003,0.0
2017-09-08,32,26,1005.82,100,48,36,28,29,25,1008,1004,23.0
2017-09-09,31,26,1004.84,89,58,35,27,28,24,1007,1003,0.0
2017-09-10,32,26,1006.32,89,56,35,28,27,24,1009,1004,0.0
2017-09-11,31,26,1006.85,94,52,35,27,28,24,1009,1003,0.1
2017-09-12,29,26,1007.05,100,59,34,24,28,23,1009,1004,14.0
2017-09-13,30,26,1006.63,94,63,34,26,28,24,1009,1004,0.0
2017-09-14,30,26,1005.59,94,51,34,27,27,24,1008,1002,0.0
2017-09-15,31,26,1004.12,94,45,35,27,27,24,1007,1001,0.0
2017-09-16,32,26,1002.88,89,52,35,28,27,24,1006,999,0.0
2017-09-17,30,26,1002.25,94,65,33,27,28,24,1004,1000,0.0
2017-09-18,28,26,1001.95,100,56,32,25,26,24,1004,999,0.0
2017-09-19,28,25,1001.46,97,69,31,25,27,24,1004,999,11.0
2017-09-20,28,26,1003.08,96,69,32,25,28,24,1005,1001,0.6
2017-09-21,30,26,1004.53,91,62,33,27,27,25,1007,1002,0.0
2017-09-22,31,26,1005.42,94,58,35,27,29,25,1008,1003,2.0
2017-09-23,31,25,1006.34,94,53,35,27,27,24,1009,1004,0.0
2017-09-24,32,26,1005.38,92,43,36,27,28,24,1008,1002,0.0
2017-09-25,32,26,1003.76,89,55,36,28,27,24,1007,1001,0.0
2017-09-26,32,26,1004.58,89,47,36,28,28,23,1007,1002,0.0
2017-09-27,30,26,1005.61,94,59,34,27,28,25,1008,1003,0.0
2017-09-28,29,25,1004.68,94,60,33,25,27,24,1007,1002,11.0
2017-09-29,28,25,1004.93,96,64,32,25,27,24,1007,1003,23.0
2017-09-30,28,26,1007.43,95,71,31,26,27,24,1009,1005,6.0
2017-10-01,27,25,1007.17,100,84,30,24,27,24,1010,1005,0.0
2017-10-02,30,26,1005.65,97,60,34,25,28,24,1008,1003,0.0
2017-10-03,30,26,1006.08,94,60,33,26,27,25,1008,1004,0.0
2017-10-04,30,25,1006.83,94,49,35,26,26,24,1010,1004,0.0
2017-10-05,28,25,1006.8,100,64,32,24,28,23,1010,1005,7.0
2017-10-06,29,25,1006.84,94,57,33,25,26,23,1009,1005,0.0
2017-10-07,26,25,1006.3,89,69,30,23,27,24,1009,1004,0.0
2017-10-08,28,24,1004.53,95,69,30,25,26,22,1008,1002,2.0
2017-10-09,25,24,999.58,100,94,26,24,25,24,1004,995,0.0
2017-10-10,28,25,1004.16,100,69,31,25,27,24,1007,1002,1.0
2017-10-11,30,25,1005.06,94,60,34,26,27,24,1007,1003,0.0
2017-10-12,30,25,1005.13,94,59,34,26,28,24,1008,1003,0.0
2017-10-13,30,26,1004.37,94,59,34,26,28,24,1007,1002,18.0
2017-10-14,30,25,1004.41,95,55,34,26,26,24,1007,1002,0.0
2017-10-15,30,25,1004.87,94,54,34,26,27,24,1008,1002,0.0
2017-10-16,30,25,1004.85,100,45,34,26,27,21,1008,1002,0.0
2017-10-17,30,23,1004.87,89,37,34,25,25,20,1007,1002,0.0
2017-10-18,30,25,1005.35,89,56,34,27,27,24,1008,1003,0.0
2017-10-19,28,25,1005.82,99,65,31,25,26,24,1009,1004,0.8
2017-10-20,26,24,1002.86,100,88,27,24,25,24,1006,1000,0.0
2017-10-21,24,23,1000.64,100,83,25,23,25,22,1006,996,0.0
2017-10-22,27,22,1006.3,97,48,32,22,24,20,1009,1004,0.0
2017-10-23,29,24,1007.95,94,46,34,24,26,22,1010,1006,0.0
2017-10-24,30,24,1010.27,94,46,34,26,26,21,1012,1008,0.0
2017-10-25,27,24,1012.7,99,57,32,22,26,22,1015,1011,31.0
2017-10-26,28,24,1013.75,95,47,31,24,26,22,1016,1012,0.0
2017-10-27,26,21,1012.38,100,36,31,22,24,18,1015,1010,0.0
2017-10-28,26,20,1012.17,100,45,31,22,23,11,1015,1010,0.0
2017-10-29,26,21,1013.28,94,51,30,22,23,19,1016,1011,0.0
2017-10-30,26,22,1013.13,94,58,29,22,24,20,1016,1011,0.0
2017-10-31,24,20,1012.87,94,53,28,20,22,18,1015,1011,0.0
2017-11-01,24,20,1013.13,94,48,29,20,21,18,1016,1011,0.0
2017-11-02,25,19,1011.54,100,41,30,20,21,18,1015,1009,0.0
2017-11-03,26,19,1011.43,94,35,31,20,21,17,1014,1009,0.0
2017-11-04,26,20,1011.87,94,38,32,21,22,18,1015,1010,0.0
2017-11-05,28,21,1011.96,94,41,32,23,24,18,1015,1009,0.0
2017-11-06,27,19,1011.87,89,34,32,22,22,18,1014,1010,0.0
2017-11-07,26,18,1012.12,88,32,31,20,20,17,1015,1010,0.0
2017-11-08,26,19,1011.76,88,33,31,21,20,17,1015,1009,0.0
2017-11-09,26,19,1010.91,94,36,31,21,22,18,1014,1009,0.0
2017-11-10,26,17,1011.14,94,29,31,21,20,14,1014,1009,0.0
2017-11-11,24,18,1011.8,83,38,30,19,20,16,1015,1010,0.0
2017-11-12,26,17,1010.19,88,34,31,20,20,14,1013,1008,0.0
2017-11-13,26,16,1009.35,78,30,31,20,18,14,1013,1007,0.0
2017-11-14,25,18,1010.04,83,44,29,21,20,17,1013,1008,0.0
2017-11-15,22,20,1011.15,100,73,23,21,22,18,1014,1009,27.0
2017-11-16,22,20,1010.98,95,80,24,20,22,19,1013,1009,12.0
2017-11-17,23,21,1010.75,100,69,25,21,23,19,1013,1009,7.0
2017-11-18,26,23,1010.94,96,70,30,22,25,21,1013,1009,0.0
2017-11-19,27,22,1011.4,89,53,31,23,24,20,1014,1010,0.0
2017-11-20,26,20,1012.04,94,35,31,22,23,18,1015,1010,0.0
2017-11-21,24,16,1012.0,88,30,29,19,20,9,1016,1010,0.0
2017-11-22,21,11,1010.85,88,27,27,15,16,8,1014,1008,0.0
2017-11-23,21,12,1010.86,88,26,27,15,15,8,1014,1009,0.0
2017-11-24,21,12,1012.4,88,29,27,15,14,11,1015,1010,0.0
2017-11-25,22,13,1013.96,94,23,28,15,15,10,1017,1012,0.0
2017-11-26,20,13,1014.25,94,25,27,14,15,10,1018,1011,0.0
2017-11-27,21,14,1012.44,94,31,28,14,17,12,1016,1010,0.0
2017-11-28,21,14,1012.65,94,19,28,14,19,8,1015,1011,0.0
2017-11-29,20,13,1014.49,94,21,27,13,16,8,1018,1012,0.0
2017-11-30,20,13,1013.48,94,25,26,13,15,10,1017,1011,0.0
2017-12-01,21,14,1013.17,94,35,27,15,17,11,1016,1011,0.0
2017-12-02,22,14,1013.79,94,34,28,16,17,12,1017,1012,0.0
2017-12-03,22,15,1013.74,94,32,27,16,16,11,1017,1011,0.0
2017-12-04,22,14,1012.77,94,30,27,16,16,12,1016,1010,0.0
2017-12-05,20,14,1012.17,94,34,26,15,16,11,1015,1010,0.0
2017-12-06,20,15,1011.41,94,39,26,15,17,13,1014,1009,0.0
2017-12-07,21,16,1011.58,94,41,27,15,18,14,1014,1010,0.0
2017-12-08,22,17,1012.0,88,54,24,20,18,15,1015,1011,0.0
2017-12-09,20,18,1010.83,99,68,22,18,22,15,1013,1009,12.0
2017-12-10,21,20,1010.44,99,83,23,19,23,19,1013,1009,3.0
2017-12-11,24,20,1012.25,97,38,27,21,22,15,1015,1010,0.0
2017-12-12,24,19,1013.49,100,49,28,19,22,17,1016,1011,0.0
2017-12-13,24,18,1013.8,94,44,29,19,20,16,1017,1012,0.0
2017-12-14,24,17,1014.81,94,34,29,18,19,15,1018,1013,0.0
2017-12-15,22,16,1015.23,94,31,27,18,18,13,1018,1014,0.0
2017-12-16,22,13,1016.02,94,24,27,16,16,8,1019,1014,0.0
2017-12-17,19,12,1017.0,88,29,25,13,14,9,1020,1015,0.0
2017-12-18,19,14,1017.19,100,44,24,14,16,12,1021,1015,0.0
2017-12-19,18,15,1017.15,100,64,21,15,17,14,1020,1015,0.0
2017-12-20,20,15,1017.8,94,50,23,16,17,14,1021,1016,0.0
2017-12-21,19,14,1017.28,94,53,23,15,17,13,1021,1015,0.0
2017-12-22,20,14,1015.37,100,41,25,14,17,11,1019,1013,0.0
2017-12-23,20,15,1013.68,94,45,26,15,17,14,1016,1011,0.0
2017-12-24,20,13,1013.49,94,30,25,15,15,11,1017,1011,0.0
2017-12-25,20,13,1013.37,94,33,25,14,16,11,1016,1011,0.0
2017-12-26,20,10,1014.31,82,24,25,14,13,8,1017,1012,0.0
2017-12-27,20,12,1014.3,88,36,26,13,16,9,1018,1012,0.0
2017-12-28,20,14,1014.52,100,38,26,14,15,12,1018,1012,0.0
2017-12-29,20,13,1015.16,100,32,26,13,15,11,1018,1013,0.0
2017-12-30,20,13,1014.57,100,34,25,14,16,12,1018,1012,0.0
2017-12-31,21,13,1012.64,94,34,27,15,16,11,1017,1010,0.0
